store,aug,a6,trend,base,factor,task,note,chg
D_NEW AWOLOWO-IKEJA- LAGOS,1857.399,1694.3,0.911,1497.2823666666666,1.045,1570,"下滑店,补偿一半",-15.473196658337807
D_DS-AWOLOWO-IKEJA-LAGOS,1706.195,1618.7,0.977,1430.4157333333335,1.011,1450,"下滑店,补偿一半",-15.015575593645503
D_MSL OTIGBA-IKEJA-LAGOS,1345.18,1248.5,0.918,1103.29945,1.041,1150,"下滑店,补偿一半",-14.50958236072496
D_UMUAHIA-MONEYLINE WARRI STREET-MARKET-UMUAHIA,1186.869,1003.8,0.773,887.0875166666667,1.113,990,"下滑店,补偿一半",-16.587256049319677
D_IKORODU2-IKORODU GARAGE-LAGOS,997.864,897.2,0.954,792.8261833333333,1.023,820,"下滑店,补偿一半",-17.824473074487102
D_AGBARA-FRANK POLT1-INDUSTRIAL AERA-AGBARA,935.961,834.8,0.837,737.7422166666668,1.081,800,"下滑店,补偿一半",-14.526353127961533
D_APAPA-CHUKWUKA KOFO ABAYOMI-APAPA-LAGOS,910.005,856.3,0.942,756.7417666666668,1.029,780,"下滑店,补偿一半",-14.286185240740433
D_OWERRI2-EVANS2-WEALTHRAL-OWERRI,993.744,935.7,0.93,826.8486333333333,1.035,860,"下滑店,补偿一半",-13.458596982723925
D_BADAGRY-MARKET ST-LAGOS,822.146,757.3,0.908,669.2554666666667,1.046,710,"下滑店,补偿一半",-13.640642902842071
D_ALABA-CONCERTRIC CONCERTRIC OJO LGBEDE-ALABA-LAGOS,883.019,851.5,0.863,752.47055,1.069,810,"下滑店,补偿一半",-8.269244489642924
D_ONITSHA-MAIN MARKET RD-ONITSHA ANAMBRA STATE,700.0,,,615.8188153310106,1.0,620,"无历史,季节换算",-11.428571428571432
D_MUSHIN-TUNDE AGEGE MOTOR-MUSHIN-LAGOS,830.901,785.5,0.998,694.14635,1.001,700,"下滑店,补偿一半",-15.75410307605839
D_ENUGU-ANYACHEBELU MARKET-HOLLY GOST-ENUGU,859.844,770.3,0.867,680.7435666666668,1.066,730,"下滑店,补偿一半",-15.100878764054881
D_LAWANSON-AKEJU ITERE-LAWANSON-LAGOS,770.955,710.7,0.898,628.0161333333333,1.051,670,"下滑店,补偿一半",-13.09479801026001
D_IYANAIPAJA-AKINYEMI NEW IPAJA-IYANAIPAJA-LAGOS,757.874,679.7,0.797,600.6214333333334,1.101,670,"下滑店,补偿一半",-11.594803357814099
D_AWKA-ZIK AVENUE-ANAMBRA,718.94,581.7,0.804,514.0188333333333,1.098,570,"下滑店,补偿一半",-20.71661056555485
D_AJAH-IKOTA OLADAPOBISI AFOLABI-AJAH-LAGOS,731.506,682.5,0.865,603.12525,1.068,650,"下滑店,补偿一半",-11.142218929168045
D_VI-SAKA TINUBU-VICTORIA-ISLAND-LAGOS,644.059,583.0,0.907,515.1971,1.046,540,"下滑店,补偿一半",-16.156749614553945
D_MSL VI2_SAKA_VICTORIA ISLAND_LAGOS,633.965,580.0,0.837,512.546,1.081,560,"下滑店,补偿一半",-11.667047865418445
D_ASABA-CHUKS 357-NNBISI-ASABA,711.73,692.7,0.941,612.1095333333333,1.029,640,"下滑店,补偿一半",-10.078260014331274
D_MARINA-ST CHRIS BOARD-MARINA-LAGOS,577.521,549.3,0.894,485.44586666666675,1.053,520,"下滑店,补偿一半",-9.959984139104893
D_MSL MUSHIN-ISOLO RD-LAGOS,597.4,545.0,0.843,481.61650000000003,1.078,520,"下滑店,补偿一半",-12.956143287579502
D_MSL UMUAHIA-WARRI STREET-MARKET-UMUAHIA,589.984,507.5,0.814,448.47775,1.093,500,"下滑店,补偿一半",-15.251939035634866
D_AKURE-IJOMU STREET-ONDO-LAGOS,520.459,486.7,1.074,430.06733333333335,1.018,440,"上升店,小幅上调",-15.459238864156433
D_ABEOKUTA-OLUWATOYIN LALUBU-OKELEWO-ABEOKUTA,541.471,469.3,0.851,414.74986666666666,1.074,450,"下滑店,补偿一半",-16.893056137817165
D_MSL OWERRI-EVANS-WEALTHRAL-OWERRI,617.279,588.8,0.957,520.3520166666667,1.021,540,"下滑店,补偿一半",-12.519298404773204
D_KODESHO-KODESHO-IKEJA-LAGOS,515.824,490.0,0.871,433.01300000000003,1.064,470,"下滑店,补偿一半",-8.88365023729023
D_ZENCO PLAZA-OLAYENI-IKEJA-LAGOS,485.13,440.3,0.973,389.12256666666667,1.013,400,"下滑店,补偿一半",-17.54787376579473
D_MSL AGBARA-NO.9 AGBARA INDUSTRIAL ESTATE-AGBARA,474.521,413.5,0.758,365.40995000000004,1.121,410,"下滑店,补偿一半",-13.597080002781759
D_LOKOJA-MURTALA MOHAMMED-LOKOJA-KOGI,427.759,371.8,0.836,328.58911666666665,1.082,360,"下滑店,补偿一半",-15.840461568313003
D_IKOTUN3-IKOTUN-IDIMU ROAD IKOTUN LAGOS STATE,423.33,379.5,0.963,335.36415,1.019,350,"下滑店,补偿一半",-17.322183639241253
D_FESTAC-HAPPYLIFE PLAZA 51-FESTAC-LAGOS,411.485,369.5,0.908,326.52715,1.046,350,"下滑店,补偿一半",-14.942221466153082
D_MSL IKOTUN-ISACC IDIMU-IKOTUN1-LAGOS,423.33,362.0,0.882,319.8994,1.059,340,"下滑店,补偿一半",-19.684406963834356
"D_UYO-NO.6,IKOT EKPENE ROAD-UYO-AKWA IBOM",464.53,446.2,0.941,394.27748333333335,1.029,410,"下滑店,补偿一半",-11.738746690202994
D_MSL AWKA-ZIK AVENUE-DIKE PARK-AWKA ANAMBRA STATE,407.674,331.2,0.801,292.65198333333336,1.099,330,"下滑店,补偿一半",-19.052968793692994
D_IKORODU-84 LAGOS ROAD-IKORODU-LAGOS,364.929,327.5,0.877,289.41175000000004,1.062,310,"下滑店,补偿一半",-15.0519690131505
D_MSL ALABA-OJO LGBEDE ROAD-ALABA-LAGOS,379.349,356.7,0.876,315.1863333333334,1.062,340,"下滑店,补偿一半",-10.372770193146675
D_MSL IKORODU-TRRIPLE-IKORUDU-LAGOS,362.56,298.7,0.832,263.93173333333334,1.084,290,"下滑店,补偿一半",-20.01323918799647
D_MSL OJOTA-OGUDU-LAGOS,363.899,348.8,0.936,308.2640166666667,1.032,320,"下滑店,补偿一半",-12.063512128365284
D_ABA-ST. MICHAEL ROAD OFF ASA- ABA-ABIASTATE,362.766,342.7,0.898,302.8145333333334,1.051,320,"下滑店,补偿一半",-11.788866652332363
D_IKOTUN2-AKANO DALEKO-IKOTUN2-LAGOS,345.359,306.5,0.971,270.85405000000003,1.014,280,"下滑店,补偿一半",-18.924944767618623
D_SANGO-AKINBIYI 22B-ABEOKUTA EXPRESS-SANGO,359.47,328.3,0.831,290.14816666666667,1.085,320,"下滑店,补偿一半",-10.980053968342284
D_MSL IBADAN-IWO ROAD-IBADAN-IBADAN,366.68,344.8,1.067,304.7292166666667,1.017,310,"上升店,小幅上调",-15.45761972291917
D_ILORIN2-IBRAHIM TAIWO RD-KWARA,319.094,286.3,0.97,253.03276666666667,1.015,260,"下滑店,补偿一半",-18.51930779018095
D_ABUJA-PLOT750 OLD BANEX-WUSE-ABUJA,347.11,354.3,1.07,313.1243666666667,1.018,320,"上升店,小幅上调",-7.810204258016196
D_MSL SABO-COMMERCIAL-YABA-LAGOS,336.501,327.0,0.984,288.9699,1.008,300,"下滑店,补偿一半",-10.847218878992926
D_MSL OKOTA-AGO PALACE WAY-OKOTA-LAGOS,314.15,303.8,1.012,268.4975166666667,1.003,270,"上升店,小幅上调",-14.053795957345216
D_MSL AJAH_AFOLABI_ALESH HOTEL AJAH_LAGOS,317.034,,,278.90786042807366,1.0,280,"无历史,季节换算",-11.68139694796142
D_MSL LOKOJA-INTL MARKET-KOGI,331.866,317.7,0.865,280.72203333333334,1.068,300,"下滑店,补偿一半",-9.60206830467718
D_EGBEDA-AKOWOJO ROAD-AKOWOJO-LAGOS,292.829,247.2,0.68,218.42118333333335,1.15,260,"下滑店,补偿一半",-11.21097978683806
D_IBADAN2-IWO RD-IBADAN-OYO,290.254,274.0,1.163,242.1338,1.041,260,"上升店,小幅上调",-10.423284433633995
D_GBAGADA-DIYA OWORONSHOKI-GBAGADA-LAGOS,292.52,262.0,0.807,231.5294,1.097,260,"下滑店,补偿一半",-11.117188568303016
D_MSL IYANAIPAJA-AKINYEMI NEW IPAJA RD-IYANAIPAJA-LAGOS,286.031,256.5,0.868,226.66905,1.066,250,"下滑店,补偿一半",-12.596886351479386
D_BENIN-AIRPORT ROAD-ZORO-BENIN CITY,272.229,234.5,0.912,207.22765,1.044,220,"下滑店,补偿一半",-19.18568558088961
D_MSL ENUGU-ANYACHEBELU MARKET-HOLY GOST-ENUGU,272.641,228.2,0.72,201.63088333333334,1.14,230,"下滑店,补偿一半",-15.639980780586926
D_PH3-SUNNYEZE SUNNYEZE ARTILLERY-RUMUOGBA-PH,252.144,240.5,0.982,212.52985,1.009,220,"下滑店,补偿一半",-12.748270829367348
D_BARIGA-ASHOGBON STREET-ODUNSI BUS STOP-LAGOS,254.41,247.8,0.975,219.01031666666668,1.013,230,"下滑店,补偿一半",-9.594748634094575
D_AKONWOJO-OLADAPO SHASHA-AKONWOJO-LAGOS,255.44,243.8,1.155,215.4755166666667,1.039,230,"上升店,小幅上调",-9.959285937989348
D_MSL BENIN--AIRPORT ROAD-ZORO-BENIN CITY,236.179,199.0,0.874,175.8563,1.063,190,"下滑店,补偿一半",-19.552542774759818
D_SABO-COMMERCIAL-YABA-LAGOS,251.011,238.0,0.859,210.3206,1.07,230,"下滑店,补偿一半",-8.37054949783077
D_SURULELE-FIESTA ADENIRAN-SURULELE-LAGOS,223.201,192.7,0.94,170.25953333333334,1.03,180,"下滑店,补偿一半",-19.355200021505283
D_WARRI2-ADJACENT ROBSON PLAZA-DECO-DELTA,227.321,224.5,1.082,198.39065000000002,1.02,210,"上升店,小幅上调",-7.6196215923737824
D_MSL ILORIN-IBRAHIM TAIWO RD-KWARA,192.816,177.8,1.006,157.15131666666667,1.001,160,"上升店,小幅上调",-17.019334495062655
D_MSL APAPA-KOFO ABAYOMI AVENUE-APAPA-LAGOS,196.421,212.0,1.423,187.3444,1.1,210,"上升店,小幅上调",6.913211927441565
D_AGEGE-OBAOGUNJI RD PENCINIMA-AGEGE-LAGOS,184.679,162.3,0.877,143.45396666666667,1.062,160,"下滑店,补偿一半",-13.363186935168592
D_TRS APAPA-CHUKWUKA KOFO ABAYOMI-APAPA-LAGOS,188.799,186.3,0.955,164.66276666666667,1.023,170,"下滑店,补偿一半",-9.957150196770115
D_WARRI-OSUDE BROTHERS EFFURUN-ENERHEN-WARRI,187.254,178.2,0.951,157.44588333333334,1.025,170,"下滑店,补偿一半",-9.214222393113092
D_OYINGBO-ROBERT MURTALA MUHAMMAD-OYINGBO-LAGOS,162.946,152.2,0.837,134.46968333333334,1.081,150,"下滑店,补偿一半",-7.9449633620954145
D_OJUORE-IDI-IROKO ROAD-OTA OGUN STATE,139.256,122.0,0.683,107.8114,1.15,130,"下滑店,补偿一半",-6.646751306945486
D_MSL OSHODI-AGEGE MOTOR ROAD-LAGOS,119.789,111.7,0.806,98.67983333333335,1.097,110,"下滑店,补偿一半",-8.171868869428744
D_PH2-MESSR ARTILLERY-RUMUOGBA-PH,123.394,133.8,1.218,118.26851666666668,1.055,130,"上升店,小幅上调",5.353582832228465
D_MSL WARRI-ADJACENT ROBSON PLAZA-DECO-DELTA,87.55,87.7,1.087,77.47103333333334,1.022,80,"上升店,小幅上调",-8.623643632210165
